[
  {
    "model": "home.homepagegalleryitem",
    "pk": 1,
    "fields": {
      "sort_order": 0,
      "page": 3,
      "image": 4
    }
  },
  {
    "model": "home.homepagegalleryitem",
    "pk": 2,
    "fields": {
      "sort_order": 1,
      "page": 3,
      "image": 5
    }
  },
  {
    "model": "home.homepagegalleryitem",
    "pk": 3,
    "fields": {
      "sort_order": 2,
      "page": 3,
      "image": 6
    }
  },
  {
    "model": "home.homepagegalleryitem",
    "pk": 4,
    "fields": {
      "sort_order": 3,
      "page": 3,
      "image": 7
    }
  },
  {
    "model": "home.homepagegalleryitem",
    "pk": 5,
    "fields": {
      "sort_order": 4,
      "page": 3,
      "image": 8
    }
  },
  {
    "model": "home.homepagegalleryitem",
    "pk": 6,
    "fields": {
      "sort_order": 5,
      "page": 3,
      "image": 9
    }
  },
  {
    "model": "home.homepagegalleryitem",
    "pk": 7,
    "fields": {
      "sort_order": 6,
      "page": 3,
      "image": 2
    }
  },
  {
    "model": "home.homepagegalleryitem",
    "pk": 8,
    "fields": {
      "sort_order": 7,
      "page": 3,
      "image": 10
    }
  },
  {
    "model": "home.homepagegalleryitem",
    "pk": 9,
    "fields": {
      "sort_order": 8,
      "page": 3,
      "image": 11
    }
  },
  {
    "model": "home.homepagegalleryitem",
    "pk": 10,
    "fields": {
      "sort_order": 9,
      "page": 3,
      "image": 12
    }
  },
  {
    "model": "home.homepagegalleryitem",
    "pk": 11,
    "fields": {
      "sort_order": 10,
      "page": 3,
      "image": 13
    }
  },
  {
    "model": "home.homepagegalleryitem",
    "pk": 12,
    "fields": {
      "sort_order": 11,
      "page": 3,
      "image": 14
    }
  },
  {
    "model": "home.homepagegalleryitem",
    "pk": 13,
    "fields": {
      "sort_order": 12,
      "page": 3,
      "image": 15
    }
  },
  {
    "model": "wagtailcore.site",
    "fields": {
      "hostname": "localhost",
      "port": 80,
      "site_name": "Kontrasto",
      "root_page": 3,
      "is_default_site": true
    }
  },
  {
    "model": "wagtailcore.locale",
    "pk": 1,
    "fields": {
      "language_code": "en"
    }
  },
  {
    "model": "wagtailcore.collection",
    "pk": 1,
    "fields": {
      "path": "0001",
      "depth": 1,
      "numchild": 0,
      "name": "Root"
    }
  },
  {
    "model": "wagtailcore.workflowpage",
    "pk": 1,
    "fields": {
      "workflow": 1
    }
  },
  {
    "model": "wagtailcore.workflowtask",
    "pk": 1,
    "fields": {
      "sort_order": 0,
      "workflow": 1,
      "task": 1
    }
  },
  {
    "model": "wagtailcore.task",
    "pk": 1,
    "fields": {
      "name": "Moderators approval",
      "content_type": ["wagtailcore", "groupapprovaltask"],
      "active": true
    }
  },
  {
    "model": "wagtailcore.workflow",
    "pk": 1,
    "fields": {
      "name": "Moderators approval",
      "active": true
    }
  },
  {
    "model": "auth.group",
    "fields": {
      "name": "Moderators",
      "permissions": [
        ["access_admin", "wagtailadmin", "admin"],
        ["add_image", "wagtailimages", "image"],
        ["change_image", "wagtailimages", "image"],
        ["choose_image", "wagtailimages", "image"],
        ["delete_image", "wagtailimages", "image"]
      ]
    }
  },
  {
    "model": "auth.group",
    "fields": {
      "name": "Editors",
      "permissions": [
        ["access_admin", "wagtailadmin", "admin"],
        ["add_image", "wagtailimages", "image"],
        ["change_image", "wagtailimages", "image"],
        ["choose_image", "wagtailimages", "image"],
        ["delete_image", "wagtailimages", "image"]
      ]
    }
  },
  {
    "model": "auth.user",
    "fields": {
      "password": "pbkdf2_sha256$260000$6QYpJ4I96f1OG89DVzEGvT$rbJeHpAWNpOwSjR0b459jrca+BG9HaM8xwa1SGR8vfw=",
      "last_login": "2021-05-10T03:18:30.469Z",
      "is_superuser": true,
      "username": "admin",
      "first_name": "",
      "last_name": "",
      "email": "",
      "is_staff": true,
      "is_active": true,
      "date_joined": "2021-05-03T03:15:24.010Z",
      "groups": [],
      "user_permissions": []
    }
  },
  {
    "model": "wagtailcore.pagesubscription",
    "pk": 1,
    "fields": {
      "user": ["admin"],
      "page": 3,
      "comment_notifications": true
    }
  },
  {
    "model": "wagtailcore.groupapprovaltask",
    "pk": 1,
    "fields": {
      "task_ptr": 1,
      "groups": [["Moderators"]]
    }
  },
  {
    "model": "wagtailcore.groupcollectionpermission",
    "fields": {
      "group": ["Editors"],
      "collection": 1,
      "permission": ["add_image", "wagtailimages", "image"]
    }
  },
  {
    "model": "wagtailcore.groupcollectionpermission",
    "fields": {
      "group": ["Moderators"],
      "collection": 1,
      "permission": ["add_image", "wagtailimages", "image"]
    }
  },
  {
    "model": "wagtailcore.groupcollectionpermission",
    "fields": {
      "group": ["Editors"],
      "collection": 1,
      "permission": ["change_image", "wagtailimages", "image"]
    }
  },
  {
    "model": "wagtailcore.groupcollectionpermission",
    "fields": {
      "group": ["Moderators"],
      "collection": 1,
      "permission": ["change_image", "wagtailimages", "image"]
    }
  },
  {
    "model": "wagtailcore.groupcollectionpermission",
    "fields": {
      "group": ["Editors"],
      "collection": 1,
      "permission": ["choose_image", "wagtailimages", "image"]
    }
  },
  {
    "model": "wagtailcore.groupcollectionpermission",
    "fields": {
      "group": ["Moderators"],
      "collection": 1,
      "permission": ["choose_image", "wagtailimages", "image"]
    }
  },
  {
    "model": "wagtailcore.grouppagepermission",
    "pk": 1,
    "fields": {
      "group": ["Moderators"],
      "page": 1,
      "permission_type": "add"
    }
  },
  {
    "model": "wagtailcore.grouppagepermission",
    "pk": 2,
    "fields": {
      "group": ["Moderators"],
      "page": 1,
      "permission_type": "edit"
    }
  },
  {
    "model": "wagtailcore.grouppagepermission",
    "pk": 3,
    "fields": {
      "group": ["Moderators"],
      "page": 1,
      "permission_type": "publish"
    }
  },
  {
    "model": "wagtailcore.grouppagepermission",
    "pk": 4,
    "fields": {
      "group": ["Editors"],
      "page": 1,
      "permission_type": "add"
    }
  },
  {
    "model": "wagtailcore.grouppagepermission",
    "pk": 5,
    "fields": {
      "group": ["Editors"],
      "page": 1,
      "permission_type": "edit"
    }
  },
  {
    "model": "wagtailcore.grouppagepermission",
    "pk": 6,
    "fields": {
      "group": ["Moderators"],
      "page": 1,
      "permission_type": "lock"
    }
  },
  {
    "model": "wagtailcore.grouppagepermission",
    "pk": 7,
    "fields": {
      "group": ["Moderators"],
      "page": 1,
      "permission_type": "unlock"
    }
  },
  {
    "model": "wagtailcore.pagerevision",
    "pk": 1,
    "fields": {
      "page": 3,
      "submitted_for_moderation": false,
      "created_at": "2021-05-03T03:17:52.084Z",
      "user": ["admin"],
      "content_json": "{\"pk\": 3, \"path\": \"00010001\", \"depth\": 2, \"numchild\": 0, \"translation_key\": \"36a9cc2f-aa7b-4862-865d-8d36b9c9e33d\", \"locale\": 1, \"title\": \"Home\", \"draft_title\": \"Home\", \"slug\": \"home\", \"content_type\": 7, \"live\": true, \"has_unpublished_changes\": false, \"url_path\": \"/home/\", \"owner\": 1, \"seo_title\": \"\", \"show_in_menus\": false, \"search_description\": \"\", \"go_live_at\": null, \"expire_at\": null, \"expired\": false, \"locked\": false, \"locked_at\": null, \"locked_by\": null, \"first_published_at\": null, \"last_published_at\": null, \"latest_revision_created_at\": null, \"live_revision\": null, \"alias_of\": null, \"body\": \"\", \"test_image\": 1, \"comments\": []}",
      "approved_go_live_at": null
    }
  },
  {
    "model": "wagtailcore.pagerevision",
    "pk": 2,
    "fields": {
      "page": 3,
      "submitted_for_moderation": false,
      "created_at": "2021-05-03T03:18:14.687Z",
      "user": ["admin"],
      "content_json": "{\"pk\": 3, \"path\": \"00010001\", \"depth\": 2, \"numchild\": 0, \"translation_key\": \"36a9cc2f-aa7b-4862-865d-8d36b9c9e33d\", \"locale\": 1, \"title\": \"Home\", \"draft_title\": \"Home\", \"slug\": \"home\", \"content_type\": 7, \"live\": true, \"has_unpublished_changes\": false, \"url_path\": \"/home/\", \"owner\": 1, \"seo_title\": \"\", \"show_in_menus\": false, \"search_description\": \"\", \"go_live_at\": null, \"expire_at\": null, \"expired\": false, \"locked\": false, \"locked_at\": null, \"locked_by\": null, \"first_published_at\": \"2021-05-03T03:17:52.097Z\", \"last_published_at\": \"2021-05-03T03:17:52.097Z\", \"latest_revision_created_at\": \"2021-05-03T03:17:52.084Z\", \"live_revision\": 1, \"alias_of\": null, \"body\": \"\", \"test_image\": 1, \"comments\": []}",
      "approved_go_live_at": null
    }
  },
  {
    "model": "wagtailcore.pagerevision",
    "pk": 3,
    "fields": {
      "page": 3,
      "submitted_for_moderation": false,
      "created_at": "2021-05-03T07:50:55.931Z",
      "user": ["admin"],
      "content_json": "{\"pk\": 3, \"path\": \"00010001\", \"depth\": 2, \"numchild\": 0, \"translation_key\": \"36a9cc2f-aa7b-4862-865d-8d36b9c9e33d\", \"locale\": 1, \"title\": \"Home\", \"draft_title\": \"Home\", \"slug\": \"home\", \"content_type\": 7, \"live\": true, \"has_unpublished_changes\": false, \"url_path\": \"/home/\", \"owner\": 1, \"seo_title\": \"\", \"show_in_menus\": false, \"search_description\": \"\", \"go_live_at\": null, \"expire_at\": null, \"expired\": false, \"locked\": false, \"locked_at\": null, \"locked_by\": null, \"first_published_at\": \"2021-05-03T03:17:52.097Z\", \"last_published_at\": \"2021-05-03T03:18:14.707Z\", \"latest_revision_created_at\": \"2021-05-03T03:18:14.687Z\", \"live_revision\": 2, \"alias_of\": null, \"body\": \"\", \"test_image\": 3, \"comments\": []}",
      "approved_go_live_at": null
    }
  },
  {
    "model": "wagtailcore.pagerevision",
    "pk": 4,
    "fields": {
      "page": 3,
      "submitted_for_moderation": false,
      "created_at": "2021-05-10T03:18:39.269Z",
      "user": ["admin"],
      "content_json": "{\"pk\": 3, \"path\": \"00010001\", \"depth\": 2, \"numchild\": 0, \"translation_key\": \"36a9cc2f-aa7b-4862-865d-8d36b9c9e33d\", \"locale\": 1, \"title\": \"Home\", \"draft_title\": \"Home\", \"slug\": \"home\", \"content_type\": 7, \"live\": true, \"has_unpublished_changes\": false, \"url_path\": \"/home/\", \"owner\": 1, \"seo_title\": \"\", \"show_in_menus\": false, \"search_description\": \"\", \"go_live_at\": null, \"expire_at\": null, \"expired\": false, \"locked\": false, \"locked_at\": null, \"locked_by\": null, \"first_published_at\": \"2021-05-03T03:17:52.097Z\", \"last_published_at\": \"2021-05-03T07:50:55.981Z\", \"latest_revision_created_at\": \"2021-05-03T07:50:55.931Z\", \"live_revision\": 3, \"alias_of\": null, \"body\": \"\", \"test_image\": 1, \"comments\": []}",
      "approved_go_live_at": null
    }
  },
  {
    "model": "wagtailcore.pagerevision",
    "pk": 5,
    "fields": {
      "page": 3,
      "submitted_for_moderation": false,
      "created_at": "2021-05-10T03:27:09.212Z",
      "user": ["admin"],
      "content_json": "{\"pk\": 3, \"path\": \"00010001\", \"depth\": 2, \"numchild\": 0, \"translation_key\": \"36a9cc2f-aa7b-4862-865d-8d36b9c9e33d\", \"locale\": 1, \"title\": \"Home\", \"draft_title\": \"Home\", \"slug\": \"home\", \"content_type\": 7, \"live\": true, \"has_unpublished_changes\": false, \"url_path\": \"/home/\", \"owner\": 1, \"seo_title\": \"\", \"show_in_menus\": false, \"search_description\": \"\", \"go_live_at\": null, \"expire_at\": null, \"expired\": false, \"locked\": false, \"locked_at\": null, \"locked_by\": null, \"first_published_at\": \"2021-05-03T03:17:52.097Z\", \"last_published_at\": \"2021-05-10T03:18:39.294Z\", \"latest_revision_created_at\": \"2021-05-10T03:18:39.269Z\", \"live_revision\": 4, \"alias_of\": null, \"body\": \"\", \"test_image\": 1, \"comments\": [], \"gallery_items\": [{\"pk\": null, \"sort_order\": 0, \"page\": 3, \"image\": 4}, {\"pk\": null, \"sort_order\": 1, \"page\": 3, \"image\": 5}, {\"pk\": null, \"sort_order\": 2, \"page\": 3, \"image\": 6}, {\"pk\": null, \"sort_order\": 3, \"page\": 3, \"image\": 7}, {\"pk\": null, \"sort_order\": 4, \"page\": 3, \"image\": 8}, {\"pk\": null, \"sort_order\": 5, \"page\": 3, \"image\": 9}]}",
      "approved_go_live_at": null
    }
  },
  {
    "model": "wagtailcore.pagerevision",
    "pk": 6,
    "fields": {
      "page": 3,
      "submitted_for_moderation": false,
      "created_at": "2021-05-10T04:22:12.158Z",
      "user": ["admin"],
      "content_json": "{\"pk\": 3, \"path\": \"00010001\", \"depth\": 2, \"numchild\": 0, \"translation_key\": \"36a9cc2f-aa7b-4862-865d-8d36b9c9e33d\", \"locale\": 1, \"title\": \"Home\", \"draft_title\": \"Home\", \"slug\": \"home\", \"content_type\": 7, \"live\": true, \"has_unpublished_changes\": false, \"url_path\": \"/home/\", \"owner\": 1, \"seo_title\": \"\", \"show_in_menus\": false, \"search_description\": \"\", \"go_live_at\": null, \"expire_at\": null, \"expired\": false, \"locked\": false, \"locked_at\": null, \"locked_by\": null, \"first_published_at\": \"2021-05-03T03:17:52.097Z\", \"last_published_at\": \"2021-05-10T03:27:09.246Z\", \"latest_revision_created_at\": \"2021-05-10T03:27:09.212Z\", \"live_revision\": 5, \"alias_of\": null, \"body\": \"\", \"test_image\": 1, \"comments\": [], \"gallery_items\": [{\"pk\": 1, \"sort_order\": 0, \"page\": 3, \"image\": 4}, {\"pk\": 2, \"sort_order\": 1, \"page\": 3, \"image\": 5}, {\"pk\": 3, \"sort_order\": 2, \"page\": 3, \"image\": 6}, {\"pk\": 4, \"sort_order\": 3, \"page\": 3, \"image\": 7}, {\"pk\": 5, \"sort_order\": 4, \"page\": 3, \"image\": 8}, {\"pk\": 6, \"sort_order\": 5, \"page\": 3, \"image\": 9}, {\"pk\": null, \"sort_order\": 6, \"page\": 3, \"image\": 2}, {\"pk\": null, \"sort_order\": 7, \"page\": 3, \"image\": 10}, {\"pk\": null, \"sort_order\": 8, \"page\": 3, \"image\": 11}, {\"pk\": null, \"sort_order\": 9, \"page\": 3, \"image\": 12}, {\"pk\": null, \"sort_order\": 10, \"page\": 3, \"image\": 13}, {\"pk\": null, \"sort_order\": 11, \"page\": 3, \"image\": 14}, {\"pk\": null, \"sort_order\": 12, \"page\": 3, \"image\": 15}]}",
      "approved_go_live_at": null
    }
  },
  {
    "model": "wagtailcore.pagerevision",
    "pk": 7,
    "fields": {
      "page": 3,
      "submitted_for_moderation": false,
      "created_at": "2021-05-10T21:23:16.639Z",
      "user": ["admin"],
      "content_json": "{\"pk\": 3, \"path\": \"00010001\", \"depth\": 2, \"numchild\": 0, \"translation_key\": \"36a9cc2f-aa7b-4862-865d-8d36b9c9e33d\", \"locale\": 1, \"title\": \"Kontrasto\", \"draft_title\": \"Home\", \"slug\": \"home\", \"content_type\": 7, \"live\": true, \"has_unpublished_changes\": false, \"url_path\": \"/home/\", \"owner\": 1, \"seo_title\": \"\", \"show_in_menus\": false, \"search_description\": \"\", \"go_live_at\": null, \"expire_at\": null, \"expired\": false, \"locked\": false, \"locked_at\": null, \"locked_by\": null, \"first_published_at\": \"2021-05-03T03:17:52.097Z\", \"last_published_at\": \"2021-05-10T04:22:12.205Z\", \"latest_revision_created_at\": \"2021-05-10T04:22:12.158Z\", \"live_revision\": 6, \"alias_of\": null, \"body\": \"\", \"test_image\": 1, \"comments\": [], \"gallery_items\": [{\"pk\": 1, \"sort_order\": 0, \"page\": 3, \"image\": 4}, {\"pk\": 2, \"sort_order\": 1, \"page\": 3, \"image\": 5}, {\"pk\": 3, \"sort_order\": 2, \"page\": 3, \"image\": 6}, {\"pk\": 4, \"sort_order\": 3, \"page\": 3, \"image\": 7}, {\"pk\": 5, \"sort_order\": 4, \"page\": 3, \"image\": 8}, {\"pk\": 6, \"sort_order\": 5, \"page\": 3, \"image\": 9}, {\"pk\": 7, \"sort_order\": 6, \"page\": 3, \"image\": 2}, {\"pk\": 8, \"sort_order\": 7, \"page\": 3, \"image\": 10}, {\"pk\": 9, \"sort_order\": 8, \"page\": 3, \"image\": 11}, {\"pk\": 10, \"sort_order\": 9, \"page\": 3, \"image\": 12}, {\"pk\": 11, \"sort_order\": 10, \"page\": 3, \"image\": 13}, {\"pk\": 12, \"sort_order\": 11, \"page\": 3, \"image\": 14}, {\"pk\": 13, \"sort_order\": 12, \"page\": 3, \"image\": 15}]}",
      "approved_go_live_at": null
    }
  },
  {
    "model": "wagtailcore.page",
    "pk": 1,
    "fields": {
      "path": "0001",
      "depth": 1,
      "numchild": 1,
      "translation_key": "95c8f70c-f36c-4291-896d-4ba60fad857d",
      "locale": 1,
      "title": "Root",
      "draft_title": "Root",
      "slug": "root",
      "content_type": ["wagtailcore", "page"],
      "live": true,
      "has_unpublished_changes": false,
      "url_path": "/",
      "owner": null,
      "seo_title": "",
      "show_in_menus": false,
      "search_description": "",
      "go_live_at": null,
      "expire_at": null,
      "expired": false,
      "locked": false,
      "locked_at": null,
      "locked_by": null,
      "first_published_at": null,
      "last_published_at": null,
      "latest_revision_created_at": null,
      "live_revision": null,
      "alias_of": null
    }
  },
  {
    "model": "wagtailcore.page",
    "pk": 3,
    "fields": {
      "path": "00010001",
      "depth": 2,
      "numchild": 0,
      "translation_key": "36a9cc2f-aa7b-4862-865d-8d36b9c9e33d",
      "locale": 1,
      "title": "Kontrasto",
      "draft_title": "Kontrasto",
      "slug": "home",
      "content_type": ["home", "homepage"],
      "live": true,
      "has_unpublished_changes": false,
      "url_path": "/home/",
      "owner": ["admin"],
      "seo_title": "",
      "show_in_menus": false,
      "search_description": "",
      "go_live_at": null,
      "expire_at": null,
      "expired": false,
      "locked": false,
      "locked_at": null,
      "locked_by": null,
      "first_published_at": "2021-05-03T03:17:52.097Z",
      "last_published_at": "2021-05-10T21:23:16.687Z",
      "latest_revision_created_at": "2021-05-10T21:23:16.639Z",
      "live_revision": 7,
      "alias_of": null
    }
  },
  {
    "model": "wagtailusers.userprofile",
    "pk": 1,
    "fields": {
      "user": ["admin"],
      "submitted_notifications": true,
      "approved_notifications": true,
      "rejected_notifications": true,
      "updated_comments_notifications": true,
      "preferred_language": "",
      "current_time_zone": "",
      "avatar": ""
    }
  },
  {
    "model": "home.homepage",
    "pk": 3,
    "fields": {
      "page_ptr": 3,
      "body": "",
      "test_image": 1
    }
  },
  {
    "model": "home.customimage",
    "pk": 1,
    "fields": {
      "collection": 1,
      "title": "Blue sky and sea in the background with a cliff face to the rigt half, people atop the cliff.jpg",
      "file": "original_images/Blue_sky_and_sea_in_the_background_with_a_cliff_face_to_the_rigt_half_peop.jpg",
      "width": 1280,
      "height": 960,
      "created_at": "2021-05-03T03:17:47.455Z",
      "uploaded_by_user": ["admin"],
      "focal_point_x": null,
      "focal_point_y": null,
      "focal_point_width": null,
      "focal_point_height": null,
      "file_size": 125229,
      "file_hash": "8b78fb05ee7528d0c6c51c7b83e98c15c3388d44",
      "dominant_color": "#4971a1"
    }
  },
  {
    "model": "home.customimage",
    "pk": 2,
    "fields": {
      "collection": 1,
      "title": "Mountainous landscape at dusk, with dark trees and mountain contours, and a bright sky with orange clouds.jpg",
      "file": "original_images/Mountainous_landscape_at_dusk_with_dark_trees_and_mountain_contours_and_a_.jpg",
      "width": 1280,
      "height": 960,
      "created_at": "2021-05-03T07:10:37.707Z",
      "uploaded_by_user": ["admin"],
      "focal_point_x": null,
      "focal_point_y": null,
      "focal_point_width": null,
      "focal_point_height": null,
      "file_size": 59320,
      "file_hash": "e8f5c31ba6f119564672846ec0bae19719e10da2",
      "dominant_color": "#604a4a"
    }
  },
  {
    "model": "home.customimage",
    "pk": 3,
    "fields": {
      "collection": 1,
      "title": "Jammed city street at dusk, with sun reflection on buildings and bright sky in the distance.jpg",
      "file": "original_images/Jammed_city_street_at_dusk_with_sun_reflection_on_buildings_and_bright_sky.jpg",
      "width": 1280,
      "height": 960,
      "created_at": "2021-05-03T07:50:36.593Z",
      "uploaded_by_user": ["admin"],
      "focal_point_x": null,
      "focal_point_y": null,
      "focal_point_width": null,
      "focal_point_height": null,
      "file_size": 119248,
      "file_hash": "a4ae524f93fa1a125511e40ae80c0946311b47c5",
      "dominant_color": "#3b332c"
    }
  },
  {
    "model": "home.customimage",
    "pk": 4,
    "fields": {
      "collection": 1,
      "title": "Building exit covered in mirror faces in all directions, reflecting the street outside, with a road crossing and pedestrians.jpg",
      "file": "original_images/Building_exit_covered_in_mirror_faces_in_all_directions_reflecting_the_str.jpg",
      "width": 1280,
      "height": 960,
      "created_at": "2021-05-10T03:26:00.653Z",
      "uploaded_by_user": ["admin"],
      "focal_point_x": null,
      "focal_point_y": null,
      "focal_point_width": null,
      "focal_point_height": null,
      "file_size": 223683,
      "file_hash": "6280f812a64710ce88d5519aab2bdf9a62e457ae",
      "dominant_color": "#625f60"
    }
  },
  {
    "model": "home.customimage",
    "pk": 5,
    "fields": {
      "collection": 1,
      "title": "Candle-lit lanterns attached to a ceiling arranged in regular rows, seen from underneath.jpg",
      "file": "original_images/Candle-lit_lanterns_attached_to_a_ceiling_arranged_in_regular_rows_seen_fr.jpg",
      "width": 1280,
      "height": 960,
      "created_at": "2021-05-10T03:26:10.548Z",
      "uploaded_by_user": ["admin"],
      "focal_point_x": null,
      "focal_point_y": null,
      "focal_point_width": null,
      "focal_point_height": null,
      "file_size": 134355,
      "file_hash": "a8b64f435fa99fb3bea86ed87a15dba117d80615",
      "dominant_color": "#2f2017"
    }
  },
  {
    "model": "home.customimage",
    "pk": 6,
    "fields": {
      "collection": 1,
      "title": "Five framed handpainted kanji sheets side by side on a wall.jpg",
      "file": "original_images/Five_framed_handpainted_kanji_sheets_side_by_side_on_a_wall.jpg",
      "width": 1280,
      "height": 960,
      "created_at": "2021-05-10T03:26:22.716Z",
      "uploaded_by_user": ["admin"],
      "focal_point_x": null,
      "focal_point_y": null,
      "focal_point_width": null,
      "focal_point_height": null,
      "file_size": 110672,
      "file_hash": "5af370dd8993584ffd40b7760ae316cbd6a7aa55",
      "dominant_color": "#afb1ae"
    }
  },
  {
    "model": "home.customimage",
    "pk": 7,
    "fields": {
      "collection": 1,
      "title": "Ice shelf with a pier in the foreground, and in the distance a distorted mirage of the coast.jpg",
      "file": "original_images/Ice_shelf_with_a_pier_in_the_foreground_and_in_the_distance_a_distorted_mi.jpg",
      "width": 1280,
      "height": 960,
      "created_at": "2021-05-10T03:26:33.763Z",
      "uploaded_by_user": ["admin"],
      "focal_point_x": null,
      "focal_point_y": null,
      "focal_point_width": null,
      "focal_point_height": null,
      "file_size": 69603,
      "file_hash": "777cc3560a325312bc0d17f7c308e2eabd8ae9ce",
      "dominant_color": "#94b4da"
    }
  },
  {
    "model": "home.customimage",
    "pk": 8,
    "fields": {
      "collection": 1,
      "title": "Shop shelves with 4 rows of dark soy sauce bottles.jpg",
      "file": "original_images/Shop_shelves_with_4_rows_of_dark_soy_sauce_bottles.jpg",
      "width": 1280,
      "height": 960,
      "created_at": "2021-05-10T03:26:48.134Z",
      "uploaded_by_user": ["admin"],
      "focal_point_x": null,
      "focal_point_y": null,
      "focal_point_width": null,
      "focal_point_height": null,
      "file_size": 191132,
      "file_hash": "62f029c93ad4ff97bd6b8fe5a903a050acfe5418",
      "dominant_color": "#77624e"
    }
  },
  {
    "model": "home.customimage",
    "pk": 9,
    "fields": {
      "collection": 1,
      "title": "Street in the middle of the city with parked cars and buildings on both sides, opening to the sea, cloud, blue sky in the distance.jpg",
      "file": "original_images/Street_in_the_middle_of_the_city_with_parked_cars_and_buildings_on_both_si.jpg",
      "width": 1280,
      "height": 960,
      "created_at": "2021-05-10T03:27:06.504Z",
      "uploaded_by_user": ["admin"],
      "focal_point_x": null,
      "focal_point_y": null,
      "focal_point_width": null,
      "focal_point_height": null,
      "file_size": 143509,
      "file_hash": "fbf7ab2b1b3a40872f065f43d9f56b61b7c41814",
      "dominant_color": "#524f5b"
    }
  },
  {
    "model": "home.customimage",
    "pk": 10,
    "fields": {
      "collection": 1,
      "title": "Landscape with lush jungle in the foreground, blue sea in the distance, and a city on the opposite shore further away.jpg",
      "file": "original_images/Landscape_with_lush_jungle_in_the_foreground_blue_sea_in_the_distance_and_.jpg",
      "width": 1280,
      "height": 960,
      "created_at": "2021-05-10T04:21:16.455Z",
      "uploaded_by_user": ["admin"],
      "focal_point_x": null,
      "focal_point_y": null,
      "focal_point_width": null,
      "focal_point_height": null,
      "file_size": 138154,
      "file_hash": "4d222f087f34fa60749a660db44c7a3ddcb957ed",
      "dominant_color": "#87909a"
    }
  },
  {
    "model": "home.customimage",
    "pk": 11,
    "fields": {
      "collection": 1,
      "title": "Sunset from the air, with dark orange and blue tones, and the contour of a plane wing in the foreground.jpg",
      "file": "original_images/Sunset_from_the_air_with_dark_orange_and_blue_tones_and_the_contour_of_a_p.jpg",
      "width": 1280,
      "height": 960,
      "created_at": "2021-05-10T04:21:26.771Z",
      "uploaded_by_user": ["admin"],
      "focal_point_x": null,
      "focal_point_y": null,
      "focal_point_width": null,
      "focal_point_height": null,
      "file_size": 51685,
      "file_hash": "d77ab65cb8d8b2479235033b8886f55f1f51a71d",
      "dominant_color": "#2c2d33"
    }
  },
  {
    "model": "home.customimage",
    "pk": 12,
    "fields": {
      "collection": 1,
      "title": "Snow-covered landscape with snow-covered trees, blue-white sky, and a snow-covered radio tower on the horizon.jpg",
      "file": "original_images/Snow-covered_landscape_with_snow-covered_trees_blue-white_sky_and_a_snow-c.jpg",
      "width": 1280,
      "height": 960,
      "created_at": "2021-05-10T04:21:36.914Z",
      "uploaded_by_user": ["admin"],
      "focal_point_x": null,
      "focal_point_y": null,
      "focal_point_width": null,
      "focal_point_height": null,
      "file_size": 113749,
      "file_hash": "0dfa407ff6a4592c698ccb448b1aadc75c57ac12",
      "dominant_color": "#6b92cf"
    }
  },
  {
    "model": "home.customimage",
    "pk": 13,
    "fields": {
      "collection": 1,
      "title": "Foggy landscape with oily sea in the foreground, japanese pier and houses in the middle, and foggy tree-covered hills in the background.jpg",
      "file": "original_images/Foggy_landscape_with_oily_sea_in_the_foreground_japanese_pier_and_houses_i.jpg",
      "width": 1280,
      "height": 960,
      "created_at": "2021-05-10T04:21:45.311Z",
      "uploaded_by_user": ["admin"],
      "focal_point_x": null,
      "focal_point_y": null,
      "focal_point_width": null,
      "focal_point_height": null,
      "file_size": 99779,
      "file_hash": "9ec45f24dabbe739fa7b098adeb3c996d2ebd1ba",
      "dominant_color": "#646164"
    }
  },
  {
    "model": "home.customimage",
    "pk": 14,
    "fields": {
      "collection": 1,
      "title": "Cityscape with a lake in the foreground, covered in weeds, with building reflections in the water.jpg",
      "file": "original_images/Cityscape_with_a_lake_in_the_foreground_covered_in_weeds_with_building_ref.jpg",
      "width": 1280,
      "height": 960,
      "created_at": "2021-05-10T04:21:55.632Z",
      "uploaded_by_user": ["admin"],
      "focal_point_x": null,
      "focal_point_y": null,
      "focal_point_width": null,
      "focal_point_height": null,
      "file_size": 159873,
      "file_hash": "872385b400942ca08712985496eda0d4776e2b5c",
      "dominant_color": "#66728a"
    }
  },
  {
    "model": "home.customimage",
    "pk": 15,
    "fields": {
      "collection": 1,
      "title": "Manhattan skyline seen from above, with Hudson river in the distance, blue cloudy sky.jpg",
      "file": "original_images/Manhattan_skyline_seen_from_above_with_Hudson_river_in_the_distance_blue_c.jpg",
      "width": 1280,
      "height": 960,
      "created_at": "2021-05-10T04:22:09.260Z",
      "uploaded_by_user": ["admin"],
      "focal_point_x": null,
      "focal_point_y": null,
      "focal_point_width": null,
      "focal_point_height": null,
      "file_size": 207050,
      "file_hash": "6e04d256eb0d8d3ff0b38dcba94b7acf468aef30",
      "dominant_color": "#738491"
    }
  }
]
